"length","l1","item_id","difficulty","discrimination","guessing","inattention"
1,"1","A",-0.740251806173945,2.3121605672318,0,1
2,"0","B",0.132977096279037,2.3121605672318,0,1
3,"0","C",0.384644202878799,2.3121605672318,0,1
4,"0","D",0.636311309478561,2.3121605672318,0,1
5,"0","E",0.887978416078324,2.3121605672318,0,1
6,"0","F",1.13964552267809,2.3121605672318,0,1
7,"0","G",1.39131262927785,2.3121605672318,0,1
